{"agent_wins": [19, 10], "accuracy": 0.20689655172413793, "agent1": {"accuracy": 0.21551724137931033, "error_rate": 0.034482758620689655}, "agent2": {"accuracy": 0.22413793103448276, "error_rate": 0.04310344827586207}}