{"agent_wins": [46, 0], "switch_answers": 0, "accuracy": 0.1896551724137931, "agent1": {"accuracy": 0.1896551724137931, "error_rate": 0.02586206896551724}, "agent2": {"accuracy": 0.1810344827586207, "error_rate": 0.04310344827586207}}