{"agent_wins": [4, 37], "accuracy": 0.20634920634920634, "agent1": {"accuracy": 0.2222222222222222, "error_rate": 0.05555555555555555}, "agent2": {"accuracy": 0.19047619047619047, "error_rate": 0.03968253968253968}}