{"agent_wins": [18, 10], "accuracy": 0.22413793103448276, "agent1": {"accuracy": 0.2413793103448276, "error_rate": 0.02586206896551724}, "agent2": {"accuracy": 0.21551724137931033, "error_rate": 0.008620689655172414}}