{"agent_wins": [16, 20], "accuracy": 0.19827586206896552, "agent1": {"accuracy": 0.22413793103448276, "error_rate": 0.04310344827586207}, "agent2": {"accuracy": 0.1724137931034483, "error_rate": 0.02586206896551724}}