{"agent_wins": [2, 10], "switch_answers": 88, "accuracy": 0.21551724137931033, "agent1": {"accuracy": 0.1810344827586207, "error_rate": 0.034482758620689655}, "agent2": {"accuracy": 0.22413793103448276, "error_rate": 0.017241379310344827}}