{"agent1": {"accuracy": 0.5192307692307693, "error_rate": 9}, "agent2": {"accuracy": 0.5192307692307693, "error_rate": 9}, "agent3": {"accuracy": 0.5192307692307693, "error_rate": 8}, "analysis": {"common_answers": 0.5384615384615384, "at_least_one_correct": 0.5961538461538461, "common_mistakes": 0.09615384615384616, "uncommon_with_at_least_one_correct": 0.15384615384615385}, "accuracy": 0.5192307692307693}