{"accuracy": 0.24603174603174602, "error_rate": 0.047619047619047616}