{"accuracy": 0.2619047619047619, "error_rate": 0.015873015873015872}